<?xml version='1.0' encoding='UTF-8'?>
<?artifactRepository version='1.1.0'?>
<repository name='file:/home/magnus/Dokument/projects/soi-toolkit/svn/tags/soitoolkit-0.6.0/commons/components/studio-components/target/update-site/ - artifacts' type='org.eclipse.equinox.p2.artifact.repository.simpleRepository' version='1'>
  <properties size='2'>
    <property name='p2.timestamp' value='1348824725585'/>
    <property name='p2.compressed' value='false'/>
  </properties>
  <mappings size='3'>
    <rule filter='(&amp; (classifier=osgi.bundle))' output='${repoUrl}/plugins/${id}_${version}.jar'/>
    <rule filter='(&amp; (classifier=binary))' output='${repoUrl}/binary/${id}_${version}'/>
    <rule filter='(&amp; (classifier=org.eclipse.update.feature))' output='${repoUrl}/features/${id}_${version}.jar'/>
  </mappings>
  <artifacts size='3'>
    <artifact classifier='osgi.bundle' id='org.mule.tooling.ui.contribution.soitoolkit' version='0.5.1.201209281131'>
      <properties size='3'>
        <property name='artifact.size' value='350526'/>
        <property name='download.size' value='350526'/>
        <property name='download.md5' value='90cd8f4ae6693d6bd5c2c2f6043541b4'/>
      </properties>
    </artifact>
    <artifact classifier='osgi.bundle' id='org.mule.tooling.ui.contribution.st-logger' version='0.5.1.201209281131'>
      <properties size='3'>
        <property name='artifact.size' value='350106'/>
        <property name='download.size' value='350106'/>
        <property name='download.md5' value='b22f6597ee5f33bd9c769d4875942aea'/>
      </properties>
    </artifact>
    <artifact classifier='org.eclipse.update.feature' id='org.mule.tooling.ui.extension.soitoolkit-studio-components' version='0.6.0.201209281131'>
      <properties size='4'>
        <property name='artifact.size' value='3974'/>
        <property name='download.size' value='3974'/>
        <property name='download.md5' value='9546d50ffbd81cbcf159507fa49245d6'/>
        <property name='download.contentType' value='application/zip'/>
      </properties>
    </artifact>
  </artifacts>
</repository>
